93649,Tritium,R24-LS
93650,Tritium,R24-LS
93651,Tritium,R24-LS
93652,Tritium,R24-LS
93653,Tritium,R24-LS
93654,Helium3,R24-LS
93655,Helium3,R24-LS
93656,Helium3,R24-LS
93657,Helium3,R24-LS
93658,Helium3,R24-LS
93659,Deuterium,R24-LS
93660,Deuterium,R24-LS
93661,Deuterium,R24-LS
93662,Empty Cell,R24-LS
93663,Optics,R24-LS
93664,Optics,R24-LS
93665,Optics,R24-LS
93667,Empty Cell,R24-LS
93668,Deuterium,R24-LS
93670,Deuterium,R24-LS
93671,Deuterium,R24-LS
93672,Helium3,R24-LS
93673,Helium3,R24-LS
93674,Helium3,R24-LS
93675,Helium3,R24-LS
93676,Helium3,R24-LS
93679,Helium3,R24-LS
93680,Tritium,R24-LS
93681,Tritium,R24-LS
93682,Tritium,R24-LS
93683,Tritium,R24-LS
93684,Empty Cell,R24-LS
93685,Deuterium,R24-LS
93686,Deuterium,R24-LS
93687,Deuterium,R24-LS
93688,Hydrogen,R24-LS
93689,Helium3,R24-LS
93690,Helium3,R24-LS
93691,Helium3,R24-LS
93692,Helium3,R24-LS
93695,Helium3,R24-LS
93696,Tritium,R24-LS
93697,Tritium,R24-LS
93698,Tritium,R24-LS
93576,Multifoils,R24-PK
93577,Empty Cell,R24-PK
93579,Empty Cell,R24-PK
93584,Multifoils,R24-PK
93585,Multifoils,R24-PK
93586,Empty Cell,R24-PK
93587,Empty Cell,R24-PK
93588,Hydrogen,R24-PK
93589,Hydrogen,R24-PK
93591,Deuterium,R24-PK
93592,Deuterium,R24-PK
93594,Deuterium,R24-PK
93595,Deuterium,R24-PK
93596,Helium3,R24-PK
93597,Helium3,R24-PK
93598,Helium3,R24-PK
93599,Tritium,R24-PK
93600,Tritium,R24-PK
93601,Tritium,R24-PK
93602,Tritium,R24-PK
93603,Tritium,R24-PK
93605,Tritium,R24-PK
93606,Tritium,R24-PK
93607,Tritium,R24-PK
93608,Tritium,R24-PK
93609,Helium3,R24-PK
93610,Helium3,R24-PK
93611,Helium3,R24-PK
93612,Helium3,R24-PK
93613,Helium3,R24-PK
93614,Tritium,R24-PK
93616,Tritium,R24-PK
93617,Tritium,R24-PK
93618,Deuterium,R24-PK
93620,Deuterium,R24-PK
93621,Deuterium,R24-PK
93622,Deuterium,R24-PK
93623,Deuterium,R24-PK
93624,Deuterium,R24-PK
93625,Deuterium,R24-PK
93626,Hydrogen,R24-PK
93627,Empty Cell,R24-PK
93628,Empty Cell,R24-PK
93629,Tritium,R24-PK
93630,Tritium,R24-PK
93631,Tritium,R24-PK
93632,Tritium,R24-PK
93633,Tritium,R24-PK
93634,Tritium,R24-PK
93635,Helium3,R24-PK
93636,Helium3,R24-PK
93637,Helium3,R24-PK
93638,Deuterium,R24-PK
93639,Deuterium,R24-PK
93640,Deuterium,R24-PK
93641,Deuterium,R24-PK
93642,Hydrogen,R24-PK
93643,Empty Cell,R24-PK
93644,Multifoils,R24-PK
93645,Single Carbon,R24-PK
93775,Deuterium, R26-LS
93776,Dummy, R26-LS
93777,Helium3, R26-LS
93778,Helium3, R26-LS
93779,Helium3, R26-LS
93780,Helium3, R26-LS
93781,Tritium, R26-LS
93782,Tritium, R26-LS
93783,Tritium, R26-LS
93784,Tritium, R26-LS
93785,Tritium, R26-LS
93699,Single Carbon,R26-PK
93703,Single Carbon,R26-PK
93708,Single Carbon,R26-PK
93709,Empty Cell,R26-PK
93710,Deuterium,R26-PK
93711,Deuterium,R26-PK
93712,Deuterium,R26-PK
93713,Deuterium,R26-PK
93714,Helium3,R26-PK
93715,Helium3,R26-PK
93716,Helium3,R26-PK
93717,Helium3,R26-PK
93718,Tritium,R26-PK
93719,Tritium,R26-PK
93720,Tritium,R26-PK
93721,Tritium,R26-PK
93722,Tritium,R26-PK
93723,Empty Cell,R26-PK
93724,Deuterium,R26-PK
93725,Deuterium,R26-PK
93726,Deuterium,R26-PK
93727,Deuterium,R26-PK
93728,Helium3,R26-PK
93729,Helium3,R26-PK
93730,Titanium,R26-PK
93732,Helium3,R26-PK
93733,Helium3,R26-PK
93734,Helium3,R26-PK
93737,Single Carbon,R26-PK
93739,Tritium,R26-PK
93740,Tritium,R26-PK
93742,Deuterium, R26-HS
93743,Deuterium, R26-HS
93744,Deuterium, R26-HS
93745,Deuterium, R26-HS
93746,Deuterium, R26-HS
93747,Dummy, R26-HS
93748,Single Carbon, R26-HS
93749,Multifoils, R26-HS
93751,Empty Cell, R26-HS
93753,Empty Cell, R26-HS
93754,Helium3, R26-HS
93761,Helium3, R26-HS
93762,Helium3, R26-HS
93765,Helium3, R26-HS
93766,Helium3, R26-HS
93767,Helium3, R26-HS
93768,Helium3, R26-HS
93769,Helium3, R26-HS
93770,Tritium, R26-HS
93771,Tritium, R26-HS
93772,Tritium, R26-HS
93773,Tritium, R26-HS
93987,Tritium,R28-PK
93988,Helium3,R28-PK
93989,Helium3,R28-PK
93990,Helium3,R28-PK
93991,Helium3,R28-PK
93992,Tritium,R28-PK
93993,Tritium,R28-PK
93994,Tritium,R28-PK
93995,Tritium,R28-PK
93996,Tritium,R28-PK
93997,Helium3,R28-PK
93998,Helium3,R28-PK
93999,Helium3,R28-PK
94000,Multifoils,R28-PK
94002,Titanium,R28-PK
94010,Titanium,R28-PK
94011,Dummy,R28-PK
94012,Deuterium,R28-PK
94013,Deuterium,R28-PK
94014,Hydrogen,R28-PK
94025,Helium3,R28-HS
94026,Helium3,R28-HS
94028,Helium3,R28-HS
94030,Helium3,R28-HS
94031,Helium3,R28-HS
94033,Tritium,R28-HS
94034,Tritium,R28-HS
94035,Tritium,R28-HS
94036,Tritium,R28-HS
94037,Tritium,R28-HS
94038,Tritium,R28-HS
94039,Tritium,R28-HS
94042,Tritium,R28-HS
94043,Tritium,R28-HS
94044,Helium-3,R28-HS
94045,Helium-3,R28-HS
94046,Helium-3,R28-HS
94047,Helium-3,R28-HS
94048,Tritium,R28-HS
94049,Tritium,R28-HS
94050,Tritium,R28-HS
94051,Tritium,R28-HS
94052,Tritium,R28-HS
94054,Helium-3,R28-HS
94055,Helium-4,R28-HS
94056,Single Carbon,R28-HS
94057,Titanium,R28-HS
94058,Dummy,R28-HS
94060,Deuterium,R28-HS
94061,Deuterium,R28-HS
94062,Deuterium,R28-HS
94063,Tritium,R28-HS
94064,Tritium,R28-HS
94065,Tritium,R28-HS
94066,Tritium,R28-HS
93821,Multifoils,R28-SRC
93822,Single Carbon,R28-SRC
93823,Dummy,R28-SRC
93828,Dummy,R28-SRC
93829,Dummy,R28-SRC
93830,Helium3,R28-SRC
93831,Helium3,R28-SRC
93832,Helium3,R28-SRC
93833,Helium3,R28-SRC
93834,Helium3,R28-SRC
93835,Tritium,R28-SRC
93836,Tritium,R28-SRC
93839,Tritium,R28-SRC
93840,Tritium,R28-SRC
93842,Tritium,R28-SRC
93844,Tritium,R28-SRC
93846,Tritium,R28-SRC
93847,Titanium,R28-SRC
93849,Titanium,R28-SRC
93851,Titanium,R28-SRC
93852,Single Carbon,R28-SRC
93853,Single Carbon,R28-SRC
93854,Single Carbon,R28-SRC
93855,Helium3,R28-SRC
93856,Helium3,R28-SRC
93857,Helium3,R28-SRC
93858,Helium3,R28-SRC
93859,Tritium,R28-SRC
93860,Tritium,R28-SRC
93861,Tritium,R28-SRC
93862,Tritium,R28-SRC
93863,Tritium,R28-SRC
93864,Tritium,R28-SRC
93865,Titanium,R28-SRC
93866,Single Carbon,R28-SRC
93867,Helium3,R28-SRC
93868,Helium3,R28-SRC
93869,Single Carbon,R28-SRC
93872,Single Carbon,R28-SRC
93874,Helium3,R28-SRC
93875,Helium3,R28-SRC
93876,Helium3,R28-SRC
93877,Tritium,R28-SRC
93878,Tritium,R28-SRC
93879,Tritium,R28-SRC
93881,Tritium,R28-SRC
93882,Tritium,R28-SRC
93883,Helium3,R28-SRC
93884,Helium3,R28-SRC
93885,Helium3,R28-SRC
93886,Helium3,R28-SRC
93887,Tritium,R28-SRC
93888,Tritium,R28-SRC
93889,Tritium,R28-SRC
93890,Tritium,R28-SRC
93891,Tritium,R28-SRC
93892,Tritium,R28-SRC
93893,Helium3,R28-SRC
93894,Helium3,R28-SRC
93895,Helium3,R28-SRC
93896,Helium3,R28-SRC
93899,Helium3,R28-SRC
93900,Helium3,R28-SRC
93901,Tritium,R28-SRC
93902,Tritium,R28-SRC
93903,Tritium,R28-SRC
93904,Tritium,R28-SRC
93905,Tritium,R28-SRC
93906,Tritium,R28-SRC
93907,Helium3,R28-SRC
93908,Helium3,R28-SRC
93916,Single Carbon,R28-SRC
93937,Helium3,R28-SRC
93938,Hydrogen,R28-SRC
93939,Helium3,R28-SRC
93940,Helium3,R28-SRC
93941,Helium3,R28-SRC
93942,Tritium,R28-SRC
93943,Tritium,R28-SRC
93944,Tritium,R28-SRC
93973,Dummy,R28-SRC
93975,Tritium,R28-SRC
93976,Tritium,R28-SRC
93978,Dummy,R28-SRC
93979,Tritium,R28-SRC
93980,Tritium,R28-SRC
93981,Tritium,R28-SRC
93982,Tritium,R28-SRC
93983,Tritium,R28-SRC
93984,Tritium,R28-SRC
93985,Tritium,R28-SRC
3079,Deuterium,L21-HS
3080,Deuterium,L21-HS
3081,Empty Cell,L21-HS
3082,Helium3,L21-HS
3083,Helium3,L21-HS
3084,Tritium,L21-HS
3085,Tritium,L21-PK
3086,Tritium,L21-PK
3087,Tritium,L21-PK
3088,Tritium,L21-PK
3089,Tritium,L21-PK
3090,Helium3,L21-PK
3091,Empty Cell,L21-PK
3096,Helium3,L21-PK
3097,Tritium,L21-PK
3099,Tritium,L21-PK
3104,Tritium,L21-LS
3105,Tritium,L21-LS
3106,Helium3,L21-LS
3107,Helium3,L21-LS
3108,Empty Cell,L21-LS
3109,Empty Cell,L21-LS
3110,Deuterium,L21-LS
3111,Deuterium,L21-LS
3152,Single Carbon, L24-HS
3153,Multifoils, L24-HS
3154,Empty Cell, L24-HS
3155,Helium3, L24-HS
3156,Tritium, L24-HS
3157,Tritium,L24-PK
3158,Tritium,L24-PK
3159,Deuterium,L24-PK
3160,Deuterium,L24-PK
3161,Helium3,L24-PK
3162,Hydrogen,L24-PK
3163,Empty Cell,L24-PK
3164,Empty Cell,L24-LS
3166,Helium-3,L24-LS
3167,Tritium,L24-LS
3112,Empty Cell,L24-LS
3113,Helium-3,L24-LS
3114,Deuterium,L24-LS
3115,Tritium,L24-LS
3116,Tritium,L26-PK
3117,Deuterium,L26-PK
3118,Hydrogen,L26-PK
3120,Helium-3,L26-PK
3121,Empty Cell,L26-PK
3122,Optics,L26-PK
3123,Single Carbon,L26-PK
3124,Empty Cell,L26-LS
3125,Helium-3,L26-LS
3126,Deuterium,L26-LS
3127,Tritium,L26-LS
3170,Single Carbon,L28-HS
3171,Empty Cell,L28-HS
3172,Helium-3,L28-HS
3173,Tritium,L28-HS
3174,Tritium,L28-PK
3175,Deuterium,L28-PK
3176,Helium-3,L28-PK
3177,Hydrogen,L28-PK
3178,Empty Cell,L28-PK
3179,Empty Cell, L28-LS
3180,Helium-3, L28-LS
3181,Tritium, L28-LS
3128,Single Carbon,L30-HS
3130,Optics,L30-HS
3131,Empty Cell,L30-HS
3132,Helium-3,L30-HS
3133,Deuterium,L30-HS
3134,Tritium,L30-HS
3135,Tritium, L30-PK
3136,Deuterium, L30-PK
3137,Hydrogen, L30-PK
3138,Helium-3, L30-PK
3139,Empty Cell, L30-PK
3140,Empty Cell,L30-LS
3141,Helium-3,L30-LS
3142,Helium-3,L30-LS
3143,Deuterium,L30-LS
3144,Tritium,L30-LS
93092,Optics,R42-HS
93093,Empty Cell,R42-HS
93094,Helium-3,R42-HS
93095,Deuterium,R42-HS
93096,Tritium,R42-HS
93097,Tritium,R42-HS
93098,Deuterium,R42-HS
93099,Hydrogen,R42-HS
93100,Helium-3,R42-HS
93101,Empty Cell,R42-HS
93102,Empty Cell,R42-HS
93103,Helium-3,R42-HS
93104,Deuterium,R42-HS
93105,Tritium,R42-HS
93106,Tritium,R42-HS
93107,Deuterium,R42-HS
93108,Deuterium,R42-HS
93109,Helium-3,R42-HS
93110,Empty Cell,R42-HS
93112,Single Carbon,R42-HS
93113,Optics,R42-HS
93114,Empty Cell,R42-HS
93115,Helium-3,R42-HS
93116,Tritium,R42-HS
93117,Tritium,R42-HS
93118,Tritium,R42-HS
93119,Deuterium,R42-HS
93120,Deuterium,R42-HS
93121,Helium-3,R42-HS
93122,Hydrogen,R42-HS
93123,Empty Cell,R42-HS
93124,Empty Cell,R42-HS
93025,Thick Aluminum,R42-PK
93026,Thick Aluminum,R42-PK
93027,Thick Aluminum,R42-PK
93031,Single Carbon,R42-PK
93032,Single Carbon,R42-PK
93035,Single Carbon,R42-PK
93045,Tritium,R42-PK
93046,Empty Cell,R42-PK
93047,Hydrogen,R42-PK
93050,Optics,R42-PK
93051,Tritium,R42-PK
93052,Helium-3,R42-PK
93055,Deuterium,R42-PK
93056,Empty Cell,R42-PK
93057,Helium-3,R42-PK
93058,Tritium,R42-PK
93059,Tritium,R42-PK
93060,Helium-3,R42-PK
93061,Empty Cell,R42-PK
93064,Helium-3,R42-PK
93065,Tritium,R42-PK
93071,Tritium,R42-PK
93073,Empty Cell,R42-PK
93074,Deuterium,R42-PK
93075,Empty Cell,R42-PK
93076,Helium-3,R42-PK
93077,Deuterium,R42-PK
93078,Tritium,R42-PK
93079,Tritium,R42-PK
93080,Deuterium,R42-PK
93081,Deuterium,R42-PK
93082,Hydrogen,R42-PK
93084,Helium-3,R42-PK
93085,Empty Cell,R42-PK
93086,Optics,R42-PK
93087,Single Carbon,R42-PK
93088,Empty Cell,R42-PK
93089,Helium-3,R42-PK
93090,Deuterium,R42-PK
93091,Tritium,R42-PK
93126,Helium-3,R42-LS
93127,Tritium,R42-LS
93130,Single Carbon,R42-LS
93131,Empty Cell,R42-LS
93132,Helium-3,R42-LS
93133,Tritium,R42-LS
93134,Tritium,R42-LS
93135,Deuterium,R42-LS
93136,Helium-3,R42-LS
93137,Hydrogen,R42-LS
93138,Empty Cell,R42-LS
93139,Empty Cell,R42-LS
93140,Helium-3,R42-LS
93141,Tritium,R42-LS
93142,Single Carbon,R42-LS
93143,Empty Cell,R42-LS
93144,Deuterium,R42-LS
93145,Tritium,R42-LS
93147,Helium-3,R42-LS
93148,Tritium,R42-LS
865,Single Carbon,L17-PK
866,Single Carbon,L17-PK
867,Single Carbon,L17-PK
889,Empty Cell,L17-PK
891,Empty Cell,L17-PK
893,Hydrogen,L17-PK
894,Hydrogen,L17-PK
895,Hydrogen,L17-PK
911,Tritium,L17-PK
912,Helium-3,L17-PK
921,Deuterium,L17-PK
922,Deuterium,L17-PK
923,Deuterium,L17-PK
933,Tritium,L22-PK
934,Helium-3,L22-PK
935,Empty Cell,L22-PK
936,Dummy,L22-PK
937,Dummy,L22-PK
938,Dummy,L22-PK
939,Single Carbon,L22-PK
940,Single Carbon,L22-PK
941,Hydrogen,L22-PK
942,Deuterium,L22-PK
943,Deuterium,L22-PK
944,Deuterium,L22-PK
945,Deuterium,L22-Delta
946,Tritium,L22-Delta
947,Helium-3,L22-Delta
948,Optics,L22-Delta
